"userId","movieId","rating","timestamp"
516,1,3,880846264
516,2,3,880849175
516,6,3,902747059
516,9,2,880849382
516,10,3,902747492
516,11,3,880847400
516,16,2,880846999
516,17,3,1236137833
516,20,3,880849688
516,21,3,880846695
516,22,3,951682655
516,23,3,986942992
516,24,3,989676039
516,26,3,1045971081
516,32,4,880846853
516,36,4,880847802
516,41,4,880847878
516,42,2,940750801
516,44,2,951680827
516,45,3,880849958
516,47,2,880846807
516,50,4.5,1053779546
516,61,3,986942887
516,71,2.5,1301752169
516,73,4,902677267
516,79,3,902747795
516,92,2,880849175
516,95,3,880849723
516,100,3,880849467
516,103,3.5,1127602854
516,105,3,880848920
516,110,5,880846807
516,111,3,880846572
516,132,2,902747962
516,141,2.5,1389450103
516,150,5,880847170
516,151,4,880848048
516,153,3,880849534
516,155,3,880849067
516,161,3,902677486
516,163,3,902690350
516,164,3,1028773477
516,165,3,880847802
516,168,3,880848776
516,170,1,880849899
516,172,1,902746049
516,173,1,933498706
516,185,3,880849653
516,193,1,902996669
516,204,2.5,1076951401
516,207,3,880847981
516,208,3,880848551
516,210,2,880849422
516,218,3,880848501
516,224,3,902691608
516,225,3,880848593
516,230,4,880847728
516,233,3,880848313
516,236,3,880849499
516,241,4,880849422
516,253,3,902692271
516,257,3,880849534
516,259,2,902996365
516,260,5,902677233
516,261,3,880847617
516,266,4,880848313
516,271,3,880849688
516,273,3,880848920
516,280,3,986942594
516,282,4,880848346
516,288,1,880850011
516,292,4,880847469
516,293,4,880847170
516,296,3,880846529
516,300,4,880846650
516,303,3,880849588
516,315,3,880850011
516,316,3,880848473
516,317,1.5,1353031914
516,318,5,880846299
516,329,3,880847509
516,336,4,928582463
516,337,4,880847878
516,338,2,902691358
516,349,4,880848203
516,350,4,880849121
516,353,3,880848113
516,354,3,880848722
516,355,2,1041478069
516,356,4,880846438
516,357,4,880848202
516,364,3,880846438
516,367,4,902679398
516,368,3,880847469
516,370,2,1110032742
516,371,3,902691503
516,376,4,880849499
516,377,3,880848156
516,379,2,1076952018
516,380,3,880847728
516,381,3,1261359407
516,382,3,902691798
516,383,3,880848156
516,384,2,880849121
516,391,3,902679997
516,416,3,902746960
516,420,2,1110032599
516,422,3,880849754
516,423,3,880850185
516,426,3,895839450
516,431,3,880847617
516,432,2,905464452
516,434,2,973439333
516,436,3,880850065
516,438,2,880850185
516,442,2,1110032554
516,445,3,880850098
516,454,3,902747745
516,457,4,880846853
516,458,3,978923871
516,459,3,880849872
516,464,2.5,1113658231
516,474,5,880846695
516,475,4,880848239
516,480,3,880848410
516,485,2,880850040
516,494,3,880849291
516,500,3,1076950946
516,504,1,933498774
516,509,4,880847690
516,514,1,880848278
516,516,2,965484456
516,517,3,880848695
516,519,1,986943304
516,524,3,902678512
516,527,5,880846649
516,533,3,880849067
516,534,3,880848594
516,536,2.5,1353032042
516,539,4,1004294301
516,541,5,880847842
516,544,2.5,1408759703
516,548,2,880849784
516,552,3,880849422
516,553,3,880846336
516,554,3,986943037
516,587,3,880848838
516,589,3,880847097
516,590,3,880846529
516,592,3,880848810
516,593,5,880847213
516,594,3.5,1053832201
516,596,3,1236138025
516,597,3,1339974472
516,599,5,880846299
516,608,5,880846572
516,628,3,880847763
516,647,3,880848156
516,648,4,880847268
516,662,3.5,1404668503
516,674,3,902993624
516,678,4,880846938
516,694,2,986944146
516,707,3,880849588
516,711,3,880849467
516,719,1,902692047
516,731,2.5,1378750896
516,733,4,880847308
516,736,3,880848630
516,750,3,880846893
516,760,4,1009903744
516,762,2,880849814
516,765,3,880849351
516,777,3,1351648403
516,780,4,880847763
516,782,3,902692047
516,786,3,880848877
516,802,3,880848630
516,805,4,880848113
516,806,2,1004294891
516,808,3,880847690
516,809,2.5,1290966533
516,832,3,880847802
516,839,3,1003068318
516,848,3,918897794
516,849,2,1076951606
516,852,3,880847617
516,858,5,902677198
516,869,2,880847690
516,880,2,880849845
516,897,4,880847170
516,899,4,902993719
516,903,3.5,1117159946
516,908,3,880846767
516,909,4,1041471689
516,910,4,880848081
516,912,5,880846228
516,913,3.5,1136175681
516,915,3.5,1415386705
516,919,5,880847308
516,920,5,880846767
516,924,3,880847308
516,926,3,928580342
516,933,3.5,1261360338
516,940,3,1210732081
516,948,4,880847097
516,949,3,880846529
516,964,3.5,1261267680
516,969,5,880846227
516,991,4,880847915
516,992,3,880849467
516,996,3,902691641
516,998,3,880848877
516,1006,3,880849382
516,1008,3,880849320
516,1019,3,880848278
516,1021,3,880849230
516,1022,3.5,1053832209
516,1027,4,880848948
516,1036,4,880846893
516,1037,2,1003068236
516,1047,2.5,1123448374
516,1049,3,880847509
516,1055,3,880846149
516,1056,3,951682431
516,1061,3,1121615419
516,1073,1,880848202
516,1079,3,880846572
516,1082,4,880848278
516,1083,2,880847649
516,1084,4,880846264
516,1085,5,880847572
516,1087,2,880850151
516,1088,4,902680529
516,1089,3,962468539
516,1090,5,880847690
516,1092,3,880847429
516,1093,2,880849754
516,1097,5,880846529
516,1100,3,902745899
516,1101,3,902993936
516,1124,3,880848081
516,1125,3,902678263
516,1127,3,880848410
516,1128,3,902678656
516,1129,3,880848877
516,1130,2,880848810
516,1135,3,880848877
516,1161,3,880849004
516,1178,3.5,1127271377
516,1183,5,880845666
516,1186,2,880848202
516,1192,3,880848920
516,1193,4,880847981
516,1196,3,880847981
516,1198,3.5,1415385813
516,1199,3,880846695
516,1200,5,880847037
516,1201,3,880846807
516,1204,5,880846572
516,1207,2,880846610
516,1208,4,880847469
516,1209,3,880846807
516,1210,4,902677802
516,1213,2,880846893
516,1214,5,880847037
516,1217,3,1040611025
516,1219,4,880846610
516,1220,3,880846853
516,1221,4,880846228
516,1222,4,880848377
516,1227,3,880847943
516,1228,4,880847132
516,1231,4,880846529
516,1233,5,902677330
516,1234,4,880848346
516,1240,3,880847170
516,1242,4,880847132
516,1245,3,880848048
516,1247,3,1295112639
516,1249,3,1003067285
516,1250,5,880846967
516,1251,3,902678483
516,1252,3.5,1175394297
516,1253,3,880847214
516,1254,3.5,1130899475
516,1258,4,880847369
516,1259,3,880846938
516,1262,4,880847214
516,1263,4,880848239
516,1266,5,880847509
516,1267,4,880846572
516,1268,3,880848156
516,1270,3,880846938
516,1271,4,951682104
516,1272,4,880846362
516,1275,2,880846695
516,1276,4,880846853
516,1282,1,880847617
516,1283,5,880846767
516,1285,2,880847915
516,1286,4,880849653
516,1287,3.5,1205035080
516,1291,3.5,1290966349
516,1299,5,880846438
516,1301,3.5,1076952470
516,1302,3,880848203
516,1304,3,880847572
516,1305,3,1018151713
516,1307,3,1076951043
516,1320,2,880846184
516,1321,3,880849422
516,1327,3,902680598
516,1333,4,880846767
516,1334,3,880848920
516,1337,4,880848012
516,1339,3,902680442
516,1343,4,880849622
516,1344,3.5,1415386185
516,1345,3,880848593
516,1350,2,880847649
516,1356,3,880848239
516,1357,4,880846438
516,1358,4,880846475
516,1370,4,880849004
516,1371,3,902680357
516,1372,3,880846184
516,1373,3,902993624
516,1374,3,880848659
516,1375,3,880848594
516,1376,3,880848048
516,1377,3,880849561
516,1378,3,902746920
516,1379,2,1062849692
516,1380,4,880849534
516,1381,2,1059440367
516,1385,3,986943710
516,1387,3,880846767
516,1388,2,902680322
516,1389,3,902994642
516,1391,3,880849622
516,1393,4,880847878
516,1395,3,880850098
516,1398,3,978924039
516,1401,3,902678338
516,1408,5,880847369
516,1409,3,1076951835
516,1416,4,880845859
516,1422,4,880845716
516,1438,3,880846149
516,1459,4,880849199
516,1466,3,902679361
516,1468,2,1041478365
516,1479,3,880846149
516,1485,3,880846149
516,1488,3,902680032
516,1500,4,902678913
516,1515,3,902748119
516,1518,3,1041473924
516,1527,3,902679526
516,1544,3,1419823700
516,1552,3,902678695
516,1556,2,1041478569
516,1562,2,902746169
516,1569,3,902993882
516,1573,3,902677562
516,1580,3,902679640
516,1584,4,880846149
516,1586,4,880845771
516,1587,2,880849351
516,1589,3,880846149
516,1590,2,902678953
516,1597,4,880845771
516,1598,3,1427659231
516,1608,4.5,1053779424
516,1609,3,902680442
516,1610,3,902677523
516,1614,2,880846149
516,1615,4,880845666
516,1616,4,880845716
516,1617,4,880845620
516,1619,4,902677947
516,1620,3,902678093
516,1625,4,902678161
516,1626,2.5,1263743270
516,1633,3,905464452
516,1645,3,902747163
516,1653,2,880846149
516,1661,3,1301272382
516,1671,3,1044329306
516,1672,3,1136395276
516,1674,4,951679474
516,1676,3,880846149
516,1680,4,902680442
516,1682,4,902677233
516,1686,4,880845771
516,1687,4,902680690
516,1690,3,902680491
516,1693,4,902677165
516,1694,5,902995763
516,1703,3,902680442
516,1704,4.5,1053779477
516,1721,4,1136175031
516,1722,3,902677802
516,1726,2,951682455
516,1727,4,902678378
516,1735,4,902691839
516,1744,2,920923141
516,1747,4.5,1053779516
516,1748,4,902677688
516,1752,3,902680565
516,1754,2,902679678
516,1762,2,902746261
516,1769,3,902746018
516,1783,3,902692180
516,1784,4.5,1053779466
516,1785,2,962468607
516,1792,3,902691963
516,1801,4,902678483
516,1804,2,902680393
516,1805,3,936814164
516,1810,4,902677947
516,1831,3,902746102
516,1833,3,902691874
516,1834,3,902678008
516,1863,2,1004295601
516,1873,4,902676650
516,1876,4,902676650
516,1882,2,902676719
516,1883,4,902676788
516,1892,3,1041474247
516,1894,4,902676788
516,1895,1,902997445
516,1909,3,902676650
516,1912,3,1370484992
516,1914,4,903207131
516,1916,3,1037468335
516,1917,3,902676756
516,1918,2,902676650
516,1924,1,902993651
516,1927,5,902677688
516,1931,3.5,1220075084
516,1942,4,902677486
516,1945,4,1262492858
516,1946,2,928580521
516,1948,3,902680834
516,1950,5,902994316
516,1952,4,902678913
516,1953,5,902747163
516,1954,5,902677267
516,1960,3,1239762102
516,1964,4,902678983
516,1965,2,902679678
516,1968,3,928581530
516,1974,2,902680393
516,1982,3,902678194
516,1994,4,902747534
516,1995,2,1062849041
516,1996,2,1062849034
516,1997,4,902677688
516,1998,2,928581142
516,2000,5,902678378
516,2001,3,902678448
516,2002,3,902678448
516,2003,2,902679460
516,2006,3,1002596550
516,2009,5,902677631
516,2011,4,902679104
516,2012,3,902993447
516,2013,2,928581027
516,2018,4,1041471932
516,2019,3.5,1087739996
516,2021,2,902993474
516,2023,3,902745817
516,2027,1,902997367
516,2028,5,902676650
516,2034,2,1041477172
516,2053,1,933499060
516,2054,2,902993624
516,2055,2,928581067
516,2058,3,951680592
516,2060,1,903207211
516,2064,2.5,1353031970
516,2067,5,902746842
516,2070,4,902995463
516,2080,3,1087740183
516,2087,4,1041472779
516,2088,2,902748832
516,2100,3,902677562
516,2104,3,902995096
516,2105,2,902994767
516,2113,2,902748339
516,2114,3,1128997491
516,2115,3,1279333459
516,2121,2,902748304
516,2126,3,905464249
516,2130,4,902747245
516,2132,4,902679893
516,2134,3,951679963
516,2144,3,1179626847
516,2145,3,902679290
516,2146,3,902993801
516,2147,3,1040610109
516,2152,1,902997341
516,2160,4,902677867
516,2174,2,928581680
516,2179,3,928580762
516,2180,3,986942719
516,2194,4,928581205
516,2195,1,905464186
516,2202,5,928582463
516,2231,3,906546477
516,2240,2,928581680
516,2243,3,928581530
516,2245,3,1087741569
516,2247,3,1252208729
516,2253,3,978789164
516,2256,1.5,1280630738
516,2259,2,928581955
516,2262,3,928581955
516,2263,3,1280630705
516,2264,2.5,1422376628
516,2268,4,933499242
516,2276,3,908122201
516,2278,4,908122168
516,2287,3,933498379
516,2288,4,933498558
516,2296,1,908122409
516,2307,3,909476293
516,2313,4,928581205
516,2320,3,986942887
516,2321,2.5,1136175613
516,2322,3,909476256
516,2325,1,911635894
516,2329,3,1018151439
516,2334,2,911635894
516,2335,1,911635782
516,2340,2.5,1087743729
516,2352,4,928581618
516,2353,3,915902001
516,2366,3,1110033429
516,2369,3,928582307
516,2375,1,1041477277
516,2376,2,928581792
516,2378,2,1076952343
516,2386,1,919707667
516,2393,3,951680593
516,2401,4,928581241
516,2402,2,928581904
516,2403,2,928581955
516,2404,2,928582273
516,2405,2,1076951909
516,2406,4,928581241
516,2407,3,951683397
516,2409,3,928580900
516,2410,2,928581955
516,2411,2,928581904
516,2412,3,951680763
516,2413,3,928581530
516,2420,3,928581425
516,2421,2,928581904
516,2422,1,928582133
516,2424,3,1041474985
516,2425,2.5,1412004015
516,2427,3,918897694
516,2433,3,989675853
516,2439,2,919707447
516,2450,1,933499060
516,2454,3,928580461
516,2455,3,928581904
516,2456,2,1150681806
516,2468,3,928581849
516,2470,3,928581459
516,2471,2,1076952321
516,2473,2.5,1117594155
516,2474,3,928581792
516,2475,2,928582088
516,2476,3,928581425
516,2478,1,933498167
516,2479,2.5,1077587550
516,2490,2,919707506
516,2494,3,924423291
516,2497,3,1004295696
516,2505,3,986942992
516,2518,2,928581340
516,2520,2.5,1077381247
516,2521,3,1041476389
516,2522,2,1087740910
516,2523,3,986943166
516,2524,2,928581099
516,2527,3,928580837
516,2528,4,928580837
516,2529,3,928580648
516,2530,2,928581067
516,2531,2,928581142
516,2532,2,928581142
516,2533,2,928581067
516,2537,2,1352815155
516,2539,3,924423404
516,2561,3,924423379
516,2571,2,924423348
516,2598,2,925577914
516,2605,3,1040610151
516,2613,2,951683397
516,2616,3,951680623
516,2617,2,928579708
516,2628,3,1117160812
516,2639,3,928581340
516,2640,3,928580900
516,2641,2,928581710
516,2642,2,928582133
516,2643,1,928582376
516,2657,3,933498519
516,2661,3,1040610625
516,2662,3,962468035
516,2664,3,933498558
516,2669,3,928580546
516,2670,4,951680113
516,2671,2.5,1087743062
516,2672,2,928579921
516,2682,3.5,1329452651
516,2683,1,929905489
516,2688,2,929905544
516,2692,4,1018151312
516,2702,3,1396391231
516,2706,4,1004294693
516,2707,3,1379969675
516,2712,1,933498049
516,2716,3.5,1076951025
516,2717,2.5,1110033459
516,2719,2,935308804
516,2728,4,951681915
516,2730,3,1041472325
516,2734,4,951677467
516,2736,3,1059440074
516,2741,3,1364927103
516,2749,3,986943452
516,2757,3,989675958
516,2762,4,989769068
516,2763,3,1040610299
516,2764,4,951681464
516,2771,3,1004295097
516,2778,3,1040611987
516,2779,3,1041473396
516,2791,3,1076951190
516,2792,2,1076952564
516,2793,2,1045972333
516,2797,4,951679342
516,2802,3,951680690
516,2803,4,986942833
516,2805,2,940664623
516,2807,1,935309153
516,2808,3,951680851
516,2815,2,935309375
516,2816,2,935309337
516,2817,1,935309412
516,2818,1,935309412
516,2819,4,986942371
516,2826,3,936814018
516,2827,2,936813954
516,2835,3,936814107
516,2841,3,940664895
516,2851,2.5,1077382704
516,2852,3.5,1135378293
516,2856,3,1003067885
516,2858,4,953350470
516,2861,3,1117594095
516,2863,4,1041473030
516,2871,4,951680980
516,2881,3,1422290494
516,2890,3,940664429
516,2896,3,951680315
516,2906,2,940664741
516,2915,4,1041472229
516,2916,3.5,1385906549
516,2917,4,951681399
516,2918,5,951678735
516,2919,5,951681945
516,2921,4,951680315
516,2922,4,951680286
516,2932,3,1318818954
516,2942,3,1076952729
516,2944,4,951679776
516,2945,2,986943520
516,2946,4,1076953222
516,2947,3,951680462
516,2948,3,951680426
516,2949,3,951680531
516,2950,2,951683094
516,2951,4,951680286
516,2952,3,1028772295
516,2956,3,1362428259
516,2959,2.5,1236137776
516,2965,2,1098635767
516,2976,2,940750801
516,2985,3,951680531
516,2986,1,962468779
516,2987,3,1261359301
516,2989,3,951680562
516,2991,3,951680562
516,2993,3,951680531
516,3005,3,1299422961
516,3006,3,1136175905
516,3015,3,986942719
516,3020,2,951680623
516,3025,3,1003066304
516,3028,3,1224462010
516,3029,3,986943831
516,3032,3,1041474887
516,3035,4,951680113
516,3037,4,978923846
516,3039,3,1041474278
516,3044,4,951683251
516,3053,2,946828891
516,3062,5,951679679
516,3066,4,951680113
516,3068,3.5,1087741431
516,3074,3,951680286
516,3076,4,1002596528
516,3081,3,943638687
516,3082,3,946828853
516,3088,3,1041471436
516,3095,5,951682014
516,3098,5,951679560
516,3099,3,1041474814
516,3100,4,1041472758
516,3101,4,986942541
516,3102,3.5,1369278221
516,3104,3,1301870149
516,3107,3,951680481
516,3109,3,1041475732
516,3117,4,1009903337
516,3130,2,1041478103
516,3135,4,1041474605
516,3141,3,951682560
516,3147,4,946828621
516,3149,2.5,1301768206
516,3152,4,951681915
516,3153,4,951680398
516,3169,4,951682231
516,3173,4,951678439
516,3178,4,951678399
516,3183,3,1413162183
516,3188,3.5,1236137444
516,3197,3,951680668
516,3198,4,951681817
516,3201,2.5,1300591056
516,3203,3,986942698
516,3204,3,1040611512
516,3206,3,1041476259
516,3210,4,1041473723
516,3214,3,1041476155
516,3219,3,986942833
516,3230,3,1003067975
516,3238,2.5,1376305149
516,3249,4,986942636
516,3255,3,1004294195
516,3256,4,951680462
516,3257,3,951680789
516,3263,3,1004294662
516,3271,3,951682527
516,3272,2.5,1374777192
516,3274,3,951680668
516,3296,4,951682104
516,3300,4,951678303
516,3301,3,1390363753
516,3311,3.5,1128996988
516,3316,3,1018151385
516,3326,3,982196143
516,3327,4,953944955
516,3334,4,978789419
516,3339,3,962468035
516,3354,2,952877967
516,3360,5,951676457
516,3361,4,951676370
516,3362,4,951676405
516,3363,4,951682139
516,3364,3.5,1077382391
516,3365,3.5,1211142222
516,3367,4,951676405
516,3370,3,952879099
516,3372,3,951676299
516,3377,3,1361752222
516,3379,4,962469175
516,3386,3,986943382
516,3395,2.5,1383078052
516,3403,2,952879360
516,3404,3,1077381353
516,3405,3.5,1415386788
516,3408,4,1015205967
516,3409,3,1136858009
516,3418,4,952879383
516,3427,3,952879218
516,3428,3,1077587691
516,3430,3,952879218
516,3431,1,952879257
516,3432,2,952879218
516,3433,1,952879257
516,3434,1,952879257
516,3441,3,952879360
516,3442,2,1045971664
516,3444,3,1189388962
516,3445,3,1383494796
516,3448,4,952879286
516,3467,4,953350287
516,3468,4,953350319
516,3469,4,953945256
516,3471,4,953350219
516,3476,3,986942636
516,3478,3,955151511
516,3487,3,953945184
516,3494,4,953945371
516,3498,3,1018151668
516,3501,4,953945285
516,3504,4,953945330
516,3505,4,953945330
516,3506,3,953945330
516,3508,5,953945330
516,3510,3,982196033
516,3512,3,958925594
516,3513,3,1383494777
516,3519,3,955151574
516,3524,2,955151511
516,3527,4,986942541
516,3545,3.5,1186356743
516,3546,3.5,1261359436
516,3551,4,955151735
516,3552,4,955151547
516,3555,3,958925562
516,3557,2,1270338261
516,3578,3.5,1126402797
516,3585,3,1224462481
516,3591,3,1136176997
516,3623,4,966087407
516,3628,3,962468059
516,3633,3,958925410
516,3634,4,958925450
516,3635,3,1366577077
516,3643,3,958925291
516,3644,3,1070810682
516,3649,3,1041475544
516,3654,4,958925326
516,3678,4,1041472798
516,3681,4,958925326
516,3682,3,1041474068
516,3683,3,1251857541
516,3684,3,1136177731
516,3686,3,986942698
516,3688,2.5,1087742232
516,3689,2,1018151713
516,3690,2,1087742321
516,3697,2,962467731
516,3698,2,962467731
516,3702,4,962467649
516,3703,4,962467649
516,3704,3,962467649
516,3706,3,962467431
516,3707,2,962467693
516,3712,2,962467771
516,3717,3,966087445
516,3726,3,1003067423
516,3729,3,962467771
516,3730,3.5,1245030251
516,3731,3,1003067930
516,3733,4,962467731
516,3735,4,962467771
516,3737,3,962468852
516,3744,3,962467771
516,3753,4,965484112
516,3755,3,1037468200
516,3758,1,962467563
516,3763,3,978924160
516,3764,3,1028773630
516,3766,1,962467693
516,3767,1,962467693
516,3768,1,962467467
516,3769,3,962467796
516,3770,3,962468705
516,3771,3,965483928
516,3783,4.5,1054002096
516,3791,3,962467593
516,3793,3.5,1054001916
516,3798,3,986942941
516,3801,3.5,1424145850
516,3804,1,965483928
516,3807,3,1041475606
516,3811,5,965483874
516,3812,3,1018151482
516,3825,2.5,1383582008
516,3826,4,966087237
516,3827,4.5,1053779511
516,3834,3,965483874
516,3836,3,965484056
516,3841,3,968005534
516,3844,3,965484156
516,3845,2.5,1358468446
516,3861,3,1041475860
516,3868,2,1352816238
516,3871,3.5,1174011077
516,3873,4,969667019
516,3879,3,969111646
516,3889,1.5,1077382138
516,3895,2,969666969
516,3896,3,1028772365
516,3906,3,1110084060
516,3915,4,971739572
516,3916,5,973439239
516,3923,3,969666902
516,3926,3,970921267
516,3927,3,970921242
516,3930,3,1415386764
516,3937,3,977065712
516,3946,2.5,1168712030
516,3947,3,975172847
516,3950,3,1107139737
516,3957,2,970921146
516,3959,3,1077380943
516,3977,3,1037468299
516,3980,4,1015205967
516,3981,3,977065561
516,3984,3,975172756
516,3985,3,973439090
516,3994,4,977065526
516,3998,4,978788962
516,3999,4,980547816
516,4000,3,977065526
516,4007,4,975172699
516,4009,3,975172699
516,4010,3,1041475958
516,4014,4.5,1054001901
516,4018,3,982196107
516,4019,4,983123156
516,4022,2.5,1054001910
516,4025,2.5,1220837700
516,4027,3,1140402308
516,4031,3,1037467908
516,4033,4,982195912
516,4034,3,978923797
516,4038,3,1062849875
516,4041,4,978788857
516,4042,3,978788829
516,4047,4,978788829
516,4056,3,982196250
516,4082,2,1296326575
516,4085,3,1076951844
516,4086,4,980547661
516,4088,3,1299193544
516,4089,2,980547661
516,4093,2,1041477474
516,4099,2,980547631
516,4103,4,980547608
516,4106,4,980547608
516,4109,3,980547608
516,4110,3,980547608
516,4111,4,980547562
516,4124,1,980547531
516,4128,3,983123024
516,4132,3,1355870982
516,4139,3,1301873000
516,4148,3,1040611678
516,4161,3,984324302
516,4167,3,985652702
516,4174,4,985652679
516,4187,4,985652652
516,4189,4,1041471979
516,4190,4,985652652
516,4191,4,985652624
516,4200,2.5,1109006713
516,4203,2,985652601
516,4207,3,985652601
516,4210,2.5,1234720321
516,4211,4,985652570
516,4214,1,1041475469
516,4218,4,985652570
516,4220,3,989675642
516,4223,5,985652538
516,4226,5,1054001833
516,4234,3,1040611465
516,4238,3,986858423
516,4239,3,989768095
516,4247,1,986858401
516,4262,3,989675553
516,4263,4,989675553
516,4270,3,989675526
516,4274,3,989675526
516,4278,4,989675526
516,4291,3,989675310
516,4292,4,989675310
516,4299,3,1002596286
516,4310,3,1003066132
516,4316,3,1041475892
516,4319,3,1003066304
516,4321,3,1062849532
516,4322,4,1041472168
516,4323,3,1003066075
516,4324,3,1041476847
516,4326,4,1003066375
516,4327,5,1003066180
516,4328,2,1003066304
516,4329,4,1002596444
516,4337,4.5,1077587703
516,4338,3.5,1077587287
516,4339,3,1003066009
516,4344,3,1294017178
516,4351,3,1041473594
516,4353,3,1003066110
516,4354,3,1261625738
516,4355,3,1087741949
516,4361,3,1110033389
516,4367,3,1358643069
516,4370,3,1206802914
516,4396,3,1018151281
516,4397,2,1018151281
516,4398,2,1018151281
516,4401,3,1037468133
516,4406,4,1003066180
516,4407,4,1003066009
516,4411,3,1003066304
516,4428,2.5,1252277962
516,4429,3,1041476656
516,4443,3,1037468160
516,4447,3,1415280690
516,4448,4,1002596153
516,4466,2.5,1139276119
516,4471,1.5,1150681435
516,4473,3,1003066110
516,4478,3,1018151439
516,4479,3,1261269524
516,4485,2.5,1062849107
516,4487,3,1087741804
516,4488,3,1002596572
516,4489,2.5,1415386614
516,4491,3,1349666453
516,4496,3,1003067534
516,4498,4,1003067348
516,4523,3,1077587608
516,4535,3,1152846678
516,4544,3,1040610888
516,4545,3,1040610985
516,4560,2.5,1234663835
516,4569,2.5,1298767513
516,4572,3,1003066627
516,4577,3,1041473723
516,4579,3,1003066627
516,4587,1.5,1262561744
516,4588,2,1262562260
516,4589,3,1002596620
516,4595,3,1041476368
516,4599,2.5,1117594499
516,4614,2,1059440333
516,4616,3.5,1087741029
516,4618,3,1040610938
516,4623,3,1041474247
516,4631,3,1035770715
516,4635,3,1037468514
516,4638,2.5,1419823672
516,4643,3,1001988027
516,4654,2.5,1087741822
516,4659,3,1329411983
516,4661,4,1003067400
516,4673,2,1037468636
516,4679,2,1077381392
516,4690,3.5,1387727806
516,4704,3,1087740390
516,4710,5,1002596423
516,4713,3,1041473924
516,4714,3,1087741794
516,4720,4,1045971127
516,4721,2,1001988063
516,4727,3,1028773150
516,4735,2.5,1385906590
516,4751,3.5,1053783905
516,4776,3,1002596082
516,4777,2,1001987914
516,4790,3,1037467882
516,4791,3,1239381052
516,4803,4,1001987873
516,4809,4,1001987851
516,4814,3,1004293437
516,4826,3,1001987811
516,4830,4,1001987811
516,4831,1,1001987811
516,4832,3,1005445789
516,4835,4,1001987781
516,4836,3,1002595960
516,4838,3,1005445766
516,4839,2,1002595960
516,4842,4,1001987781
516,4844,3,1003065609
516,4848,3.5,1382052959
516,4853,2,1002595856
516,4855,3,1001987720
516,4862,3,1002595823
516,4866,3,1004293316
516,4885,3,1005445663
516,4889,3,1005445663
516,4901,4,1007955205
516,4916,3,1007955151
516,4918,4,1007955151
516,4922,3,1053783510
516,4923,3,1007955124
516,4924,3,1007955124
516,4930,3,1007955087
516,4932,3,1007955087
516,4934,3,1018151508
516,4939,3,1236565663
516,4945,3,1077587820
516,4947,4,1037468200
516,4950,3,1041475144
516,4954,3.5,1415386221
516,4956,3,1009903611
516,4957,4,1007955040
516,4958,4,1007955040
516,4962,3,1007954982
516,4963,3,1009903611
516,4966,3,1053783437
516,4974,0.5,1143303239
516,4975,3,1009903575
516,4982,2.5,1087739719
516,4985,2,1352816307
516,4987,3,1007954925
516,4995,4,1015205656
516,5001,4,1007954877
516,5007,3,1009903500
516,5010,5,1015205688
516,5011,2.5,1272810096
516,5015,3,1028773422
516,5027,2,1053783344
516,5029,2,1009903456
516,5033,3,1009903456
516,5037,3,1041474511
516,5040,2,1041477514
516,5044,3,1018151582
516,5046,3,1062848253
516,5049,3,1028773455
516,5060,4,1028773035
516,5065,3,1261269470
516,5094,2,1015205688
516,5099,3,1077588154
516,5107,2.5,1326214497
516,5115,3,1062849374
516,5124,3,1053783127
516,5125,3,1041476332
516,5126,2,1088389872
516,5127,3,1045107877
516,5143,3,1041475990
516,5144,2.5,1062849667
516,5152,5,1028773064
516,5179,3,1015205562
516,5186,4,1015205532
516,5192,2.5,1117161123
516,5196,3,1015205508
516,5197,3,1015205508
516,5199,3,1062849613
516,5200,3,1053782979
516,5205,1,1015205439
516,5207,2,1015205439
516,5213,2,1015205439
516,5214,3,1015205400
516,5219,2,1109822222
516,5227,3,1015205378
516,5237,3,1015205354
516,5246,2,1015205311
516,5247,2,1015205311
516,5248,1,1015205311
516,5254,2,1137205068
516,5266,4,1025832912
516,5267,3,1121312390
516,5275,3,1018151439
516,5277,2,1041477789
516,5282,3,1035770980
516,5292,4,1019615086
516,5293,4,1019615067
516,5294,3,1045107785
516,5300,3,1037467856
516,5302,3,1053782767
516,5308,3,1019615046
516,5312,3,1053782740
516,5328,4,1021778761
516,5336,3,1021778738
516,5340,4,1019614980
516,5346,3,1019614913
516,5349,4,1054001914
516,5364,3,1053780356
516,5369,2,1021778671
516,5370,2,1021778647
516,5372,3,1021778647
516,5378,3.5,1053782611
516,5381,3,1021778622
516,5382,3,1021778622
516,5388,3,1037468049
516,5398,4,1021778588
516,5399,3,1211142259
516,5400,3,1025832805
516,5406,3,1062849381
516,5414,2.5,1220837616
516,5418,4,1025832761
516,5420,3,1044329166
516,5429,3,1025832741
516,5435,4,1025832741
516,5440,4,1025832703
516,5445,4,1025832703
516,5459,2.5,1059440234
516,5463,3,1027186781
516,5464,4,1028772914
516,5471,3,1025832635
516,5475,3,1245030225
516,5479,3,1028772885
516,5481,1,1353031991
516,5492,2,1258913717
516,5493,3,1027186707
516,5495,3,1027186707
516,5497,3,1027186707
516,5502,3,1035770832
516,5506,3,1035770832
516,5507,3,1037468133
516,5521,2,1053782302
516,5522,3,1037468160
516,5528,3,1053780311
516,5543,2,1070814992
516,5544,3,1070810944
516,5555,3,1041477259
516,5563,3,1035770853
516,5574,2.5,1138843985
516,5603,3,1041471503
516,5611,2.5,1053782102
516,5612,3,1425528385
516,5630,3,1035770805
516,5638,2.5,1077588175
516,5642,3.5,1087740624
516,5644,4,1041472377
516,5669,0.5,1353032308
516,5679,3,1035770715
516,5682,3.5,1341777656
516,5692,3,1037468261
516,5693,4,1040609470
516,5694,2.5,1053781856
516,5696,3,1041475214
516,5699,4,1037467882
516,5702,2,1121616512
516,5705,3,1041475362
516,5707,3.5,1053781787
516,5712,3,1040611512
516,5743,3,1035770623
516,5747,5,1035770603
516,5760,2,1041474939
516,5761,2.5,1062849683
516,5764,3,1035770583
516,5796,3,1035770503
516,5799,4,1037467691
516,5801,4,1035770503
516,5809,3,1038155274
516,5815,2,1138236204
516,5826,4,1037467625
516,5841,1,1037467527
516,5843,2.5,1413317437
516,5854,3,1037467497
516,5859,3,1037467497
516,5863,2,1037467469
516,5867,4,1037467469
516,5872,3,1039749343
516,5876,3.5,1077383228
516,5899,5,1038155162
516,5901,3,1039749245
516,5915,2.5,1168712066
516,5921,2.5,1251857604
516,5924,3,1038155105
516,5927,3,1038155105
516,5928,3.5,1070814237
516,5933,3,1038155075
516,5944,3,1070811135
516,5954,3,1043554114
516,5956,3,1044154936
516,5959,3,1043554026
516,5961,3,1040609694
516,5964,3,1252117506
516,5976,3,1368491648
516,5979,3,1040610607
516,5983,3,1053781195
516,5989,3.5,1232902298
516,5993,3,1062848063
516,5995,3,1269135836
516,6001,2.5,1353031243
516,6014,3,1359924843
516,6042,3,1421470050
516,6048,3,1421611030
516,6058,3,1046616391
516,6059,3.5,1053781041
516,6064,4,1047262832
516,6078,3,1043553945
516,6080,2,1352815340
516,6082,3,1044154832
516,6084,4,1043553908
516,6115,3,1043553853
516,6120,2.5,1062849025
516,6135,3,1044154632
516,6157,2.5,1131853018
516,6168,2.5,1090807342
516,6176,3,1046616546
516,6177,3,1053780762
516,6180,3,1045971396
516,6181,3,1362958373
516,6183,3,1053780750
516,6185,3,1062848808
516,6186,3,1047262635
516,6187,3,1243125404
516,6213,4,1047262484
516,6230,3.5,1053780679
516,6236,3,1047262555
516,6239,3,1421858904
516,6250,3,1076818406
516,6260,3,1048390135
516,6263,2,1049635765
516,6264,3,1053779912
516,6267,3,1097696606
516,6273,3.5,1390240822
516,6279,2.5,1062848906
516,6281,3,1062339252
516,6301,2.5,1070813198
516,6303,3,1053780563
516,6305,3,1131318274
516,6308,3,1053780174
516,6314,3,1301196182
516,6333,2.5,1053831844
516,6335,3,1106442950
516,6354,3,1053780468
516,6356,3,1062339031
516,6378,4.5,1059439863
516,6386,3.5,1062849506
516,6392,3,1062849542
516,6394,3,1062338966
516,6398,2,1062338976
516,6401,3.5,1062338954
516,6405,3.5,1300025764
516,6407,3,1062338919
516,6409,3.5,1124238522
516,6413,3,1059440139
516,6416,3,1062338896
516,6428,3.5,1059439970
516,6429,3,1062338814
516,6431,3,1070813026
516,6434,3,1062338877
516,6435,3,1110034517
516,6437,3.5,1363311808
516,6439,3.5,1078064445
516,6441,3,1097982822
516,6446,3,1059440125
516,6447,3,1078064849
516,6448,3,1062338767
516,6450,3.5,1138508893
516,6455,3,1059440195
516,6457,3.5,1059440018
516,6458,3,1059440062
516,6459,3,1059440188
516,6462,3,1062338742
516,6469,2.5,1059440284
516,6470,3,1059440200
516,6478,3,1077983587
516,6497,3,1224463418
516,6508,3.5,1360709873
516,6512,2.5,1062338614
516,6518,2.5,1059439691
516,6519,2.5,1062338630
516,6523,2.5,1059439667
516,6537,3.5,1059439624
516,6541,2.5,1077383047
516,6561,3.5,1059440010
516,6562,3.5,1070812758
516,6564,2.5,1090806974
516,6567,2.5,1127271553
516,6575,2.5,1062848987
516,6577,1.5,1062849119
516,6595,3,1062338405
516,6617,4,1062848400
516,6639,3,1062338310
516,6645,2.5,1062338260
516,6646,3,1062338253
516,6652,3,1062338276
516,6658,3,1062338249
516,6662,3,1062338204
516,6664,2.5,1062338221
516,6708,3,1070809781
516,6709,2.5,1090806816
516,6725,2.5,1070812542
516,6730,2.5,1062338035
516,6735,3.5,1062337976
516,6739,2,1353032012
516,6777,4,1070812468
516,6795,2.5,1078065460
516,6797,3.5,1076819483
516,6808,3.5,1076819448
516,6809,3,1070812377
516,6810,3,1070812384
516,6812,2.5,1070812390
516,6817,3,1070812348
516,6852,4,1070809988
516,6854,3,1070812302
516,6856,3.5,1070812292
516,6862,3.5,1099278990
516,6870,4.5,1070809794
516,6879,3.5,1070809722
516,6884,3,1271538382
516,6885,2.5,1103046001
516,6893,3.5,1415386205
516,6900,2.5,1070810014
516,6903,2.5,1070812220
516,6911,3,1078064686
516,6927,3,1110595903
516,6947,3,1070809785
516,6950,3,1105204324
516,6966,3.5,1070812124
516,6977,2.5,1077983755
516,6979,4,1070812093
516,6986,4,1075168833
516,6989,3.5,1070812061
516,6991,2.5,1076819235
516,6993,3,1179626704
516,6996,2,1075168818
516,6997,3,1090808219
516,7000,2.5,1076819245
516,7001,4,1076819195
516,7007,3,1070812042
516,7008,3,1298736841
516,7010,4,1075168790
516,7014,3,1390363733
516,7017,3,1130083504
516,7018,3,1279333442
516,7027,3,1121157300
516,7031,2.5,1165797934
516,7032,3,1076819177
516,7039,3,1412208927
516,7040,3,1070811974
516,7051,3,1070811949
516,7062,3,1070811917
516,7070,5,1070811930
516,7072,4,1070811899
516,7073,3,1070811908
516,7076,3.5,1070811891
516,7102,3,1070811798
516,7104,2,1224463455
516,7130,3,1070811712
516,7133,2,1070811731
516,7143,3,1071445790
516,7156,3.5,1090808347
516,7162,4,1075168457
516,7163,3,1103045973
516,7164,2.5,1353032065
516,7184,3.5,1078064483
516,7193,2,1075168395
516,7200,3,1078064766
516,7205,3,1076818943
516,7210,3.5,1224462110
516,7215,4,1075168365
516,7216,4,1075168342
516,7218,3.5,1090808415
516,7225,3.5,1075168295
516,7239,3.5,1390268372
516,7250,3,1087614048
516,7263,4,1081697708
516,7300,3,1076818755
516,7305,4,1076818745
516,7307,2.5,1136174536
516,7310,2.5,1232932863
516,7313,2.5,1078066002
516,7321,3,1270338138
516,7324,3,1164559802
516,7332,2,1352816394
516,7338,5,1078064645
516,7341,5,1078064188
516,7348,3,1238369735
516,7362,2.5,1098067382
516,7364,2,1132506225
516,7371,2.5,1101010095
516,7379,3,1087613930
516,7381,2.5,1299469741
516,7392,3,1087613910
516,7394,3.5,1401670457
516,7397,3,1424145889
516,7423,3.5,1378833205
516,7439,3,1101009822
516,7445,3.5,1103045887
516,7458,3,1220837366
516,7477,2.5,1326044610
516,7480,3.5,1179626931
516,7481,3,1087613853
516,7493,3.5,1087613837
516,7502,4,1296273312
516,7569,3,1102870094
516,7616,2.5,1287012833
516,7617,3.5,1087613790
516,7698,3,1087613763
516,7725,1.5,1139276219
516,7757,3,1087613670
516,7775,3,1289700926
516,7782,3,1090769827
516,7787,4,1087613622
516,7791,3.5,1087613614
516,7792,2.5,1261268929
516,7802,3,1087613602
516,7814,3,1326213855
516,7922,2.5,1352816456
516,7923,3,1087740551
516,7943,3.5,1320262802
516,7980,3.5,1087613364
516,8007,3.5,1139276671
516,8016,4.5,1087613328
516,8033,3.5,1424980299
516,8045,3.5,1087613301
516,8056,3.5,1179626331
516,8094,3.5,1088389743
516,8132,3.5,1370485140
516,8207,3.5,1087613225
516,8257,3.5,1129954396
516,8266,2.5,1087613147
516,8268,3,1329411950
516,8334,3.5,1087613117
516,8337,4,1090769540
516,8340,3.5,1090769530
516,8371,2.5,1087702410
516,8407,3.5,1087613044
516,8446,3,1087613019
516,8481,3.5,1117593962
516,8493,3.5,1087612964
516,8494,3,1087612961
516,8499,2.5,1087612949
516,8501,3,1087614381
516,8524,3,1123448485
516,8540,3.5,1087612892
516,8543,3,1087614342
516,8571,2.5,1261268346
516,8591,2.5,1295745393
516,8618,3.5,1097697452
516,8631,3,1110034844
516,8633,3.5,1090769344
516,8634,3,1090769328
516,8636,3,1106443873
516,8644,3,1092014945
516,8657,3,1206802396
516,8665,3,1090808714
516,8666,2.5,1174011115
516,8673,3,1138844408
516,8675,5,1097697311
516,8678,3,1090769190
516,8679,3,1110033984
516,8683,2.5,1133620997
516,8686,4,1097697255
516,8692,3.5,1224462448
516,8696,3,1362028023
516,8700,3.5,1239381073
516,8726,3.5,1090769102
516,8730,3,1108352574
516,8754,3.5,1090769063
516,8769,3,1363208488
516,8772,4,1090769015
516,8775,3,1144608400
516,8781,3.5,1092014983
516,8798,3.5,1094438242
516,8802,3,1412814053
516,8810,2.5,1185107975
516,8831,3,1136135116
516,8835,3,1094952153
516,8852,3.5,1094952688
516,8870,3.5,1108352653
516,8880,3,1097696809
516,8882,3,1097697688
516,8899,3,1097696723
516,8903,2,1353031177
516,8908,4,1098931450
516,8917,3,1098299745
516,8937,4,1097696571
516,8949,2.5,1334535633
516,8972,3,1176560925
516,8984,2.5,1135048327
516,9005,2.5,1102869661
516,25859,3.5,1251039577
516,25866,3,1281293061
516,25888,3,1186356022
516,25893,3.5,1329063619
516,25916,3.5,1168711862
516,25936,2.5,1352233590
516,25938,3.5,1150680911
516,25943,3.5,1361664954
516,25998,3,1264872193
516,26025,3.5,1238369620
516,26042,3,1274549113
516,26043,3,1246414333
516,26068,3,1254626564
516,26085,3.5,1131318232
516,26101,3,1132506002
516,26123,3,1202679083
516,26137,3,1362631343
516,26138,3,1326213687
516,26139,3,1174010942
516,26148,3.5,1186356910
516,26152,2.5,1131318247
516,26155,3.5,1183298697
516,26163,4,1179626247
516,26174,2,1414353619
516,26175,3,1272501149
516,26177,3.5,1233498444
516,26178,3,1142131996
516,26181,3.5,1121614564
516,26189,3,1202678743
516,26204,3,1394676097
516,26213,3.5,1264872162
516,26242,3,1135378200
516,26254,2.5,1268104304
516,26290,3.5,1412890740
516,26309,3,1359432449
516,26317,2.5,1246414466
516,26341,2,1259465943
516,26344,3,1237089323
516,26365,3,1280285697
516,26371,2.5,1375638053
516,26404,2.5,1144608846
516,26464,3,1171308857
516,26487,3,1174752450
516,26488,3,1110034436
516,26600,2.5,1295291620
516,26614,4,1229278101
516,26628,3,1359924898
516,26649,3.5,1236137579
516,26688,2.5,1183298685
516,26689,3,1251039938
516,26704,3,1301184341
516,26750,3,1176560791
516,26755,2,1254626716
516,26770,2.5,1174010927
516,26819,3,1139791490
516,26854,3,1387252752
516,26870,2.5,1130899424
516,26901,3,1229277582
516,26965,3,1214755253
516,27077,3,1355448010
516,27373,3.5,1274929929
516,27410,3.5,1157200735
516,27450,3,1381438538
516,27496,3,1412199665
516,27497,3.5,1330305280
516,27602,2.5,1360555074
516,27611,3.5,1229277945
516,27657,2,1355925047
516,27702,2.5,1275630921
516,27708,2.5,1268274864
516,27793,2,1232330437
516,27816,3.5,1135378298
516,27821,4,1114955870
516,27831,2.5,1360281375
516,27869,3.5,1125241890
516,30695,3,1417398129
516,30707,3.5,1108005425
516,30721,3.5,1171337679
516,30749,4,1108699140
516,30816,3,1135643891
516,30894,2.5,1108005405
516,30952,3,1105203857
516,31116,4,1186356186
516,31165,3,1403482437
516,31221,2.5,1185108042
516,31247,3,1106442485
516,31255,3,1106442464
516,31260,3,1186793472
516,31367,2.5,1183298655
516,31410,4,1137205015
516,31420,3,1220837380
516,31485,3.5,1117159122
516,31528,3.5,1186356178
516,31617,4,1171337566
516,31770,3.5,1280087362
516,31869,3,1392001717
516,31921,3,1396198265
516,32029,3,1126229576
516,32049,3,1109822403
516,32058,3,1110034856
516,32139,3.5,1109822259
516,32149,2,1113657944
516,32174,3,1215952178
516,32261,3.5,1128827631
516,32325,3,1113657889
516,32329,2.5,1113657868
516,32469,3,1142131978
516,32587,3,1128827728
516,32596,3,1128307119
516,32625,3,1114355450
516,32668,3,1293422430
516,32677,3,1326133642
516,32721,3,1171308845
516,33036,3,1164559636
516,33166,3.5,1117593203
516,33191,3.5,1373928869
516,33493,3,1120340861
516,33610,3,1241317706
516,33660,4,1206803050
516,33679,3,1232934064
516,33743,3,1286987162
516,33794,3.5,1139096828
516,33801,2.5,1389499602
516,33821,3,1348024451
516,33905,3.5,1223140939
516,33914,3.5,1398981124
516,34004,3,1294538179
516,34048,3,1412891305
516,34177,3,1121157164
516,34299,3.5,1229277547
516,34319,3,1139791536
516,34534,3,1325561781
516,34536,4,1138764581
516,34583,3.5,1123378385
516,36056,3.5,1202679214
516,36519,2.5,1203909130
516,36529,2.5,1142298626
516,37257,3,1394822159
516,37269,3,1241965551
516,37727,3.5,1280629550
516,37785,3,1371145404
516,38304,4,1160840122
516,38843,3.5,1223140449
516,38992,3,1261269553
516,39234,3,1144635369
516,39934,3.5,1251039745
516,40148,2.5,1357862338
516,40278,3,1147609630
516,40436,3,1244298992
516,40583,2.5,1232934119
516,40819,3,1220794807
516,40973,3,1132506072
516,40988,3.5,1132506054
516,41411,3,1193018505
516,41716,3,1154233874
516,41753,3,1427685525
516,41792,3,1387251947
516,41831,3,1183298667
516,41863,2.5,1365369379
516,41997,3.5,1232933546
516,43813,3.5,1264872143
516,43871,3,1221403193
516,43908,1.5,1356661304
516,43936,3,1166325215
516,44041,3,1269998618
516,44100,3,1251039692
516,44197,3,1236483551
516,44611,3,1251039636
516,44759,2.5,1355701675
516,44825,2,1361200513
516,45062,3,1214755162
516,45329,3,1236137358
516,45447,2.5,1239762006
516,45499,3,1269743923
516,45611,3.5,1234734387
516,45639,3,1350506606
516,46457,3.5,1288133200
516,46653,4,1224422961
516,46803,3.5,1166325057
516,46915,3,1422138222
516,46929,3,1291342979
516,47196,3,1251039679
516,47250,2,1352843854
516,47287,3,1280337533
516,47610,3,1237732179
516,47644,3,1221972181
516,47950,3,1234324304
516,47956,3.5,1206802231
516,48142,3,1232934199
516,48304,3,1322106231
516,48319,3,1224463369
516,48516,3,1175347579
516,48596,2,1262492879
516,48704,3,1243125230
516,48713,3,1298687002
516,48738,3.5,1244344116
516,48783,4,1162141083
516,48825,3.5,1340740123
516,48943,2,1346037090
516,48957,3.5,1342468909
516,49272,3,1244344183
516,49278,3.5,1232330730
516,49530,3.5,1210732039
516,49651,3,1232330802
516,49688,3.5,1239380963
516,49822,3.5,1206802186
516,50068,3.5,1203274559
516,50851,3.5,1236483633
516,50977,3,1356041520
516,51037,3,1236565608
516,51044,3.5,1234720283
516,51080,3.5,1233518689
516,51185,3,1295284790
516,51203,3,1383494672
516,51638,3.5,1296445677
516,51662,3.5,1185107622
516,51925,3.5,1238975720
516,52033,3,1409621429
516,52458,3,1238975765
516,52922,3,1298604291
516,53129,3,1237089401
516,53138,3,1401732950
516,53207,3,1232934231
516,53322,3,1233498565
516,53550,3,1210732385
516,53582,3.5,1281293083
516,53737,3.5,1183298519
516,53827,3.5,1243697531
516,53919,3.5,1237089308
516,53953,3,1425314144
516,53972,3.5,1183298384
516,54020,3.5,1232330347
516,54121,3.5,1263617147
516,54241,3,1394125229
516,54286,3.5,1186355815
516,54455,2.5,1268878389
516,54686,3,1233518586
516,54725,2,1352843857
516,54736,4,1208833771
516,54771,3,1189340329
516,54787,3,1350272510
516,54997,3.5,1206286453
516,55052,3,1261269735
516,55080,3.5,1191385825
516,55094,2.5,1353031948
516,55118,3,1191385906
516,55199,3.5,1361214794
516,55209,3.5,1383612536
516,55272,3,1252277903
516,55274,3.5,1415494932
516,55276,3,1243125467
516,55284,3,1232934096
516,55363,3,1218410574
516,55765,3.5,1218410594
516,55805,3,1202678832
516,55820,3,1221403237
516,55926,3,1196044637
516,56015,2,1352087188
516,56098,3.5,1277258272
516,56156,3,1233498590
516,56174,2.5,1234594924
516,56294,3,1417481266
516,56587,4,1238369704
516,56782,2.5,1211142345
516,56788,4,1218410606
516,56797,3,1241965241
516,56921,3.5,1229277385
516,57378,2.5,1381785121
516,57401,3,1365980140
516,57476,3,1202678704
516,57526,3,1261269658
516,57528,3.5,1232933661
516,58033,3,1391532277
516,58103,3.5,1203909084
516,58250,3,1404935093
516,58293,2.5,1236483488
516,58295,3,1220794797
516,58303,3.5,1234663987
516,58559,3.5,1219351862
516,58617,2,1263743385
516,58803,3,1219351789
516,59129,3.5,1350500040
516,59173,3,1252277898
516,59315,3,1370607431
516,59369,3.5,1251857626
516,59376,2.5,1329106437
516,59615,3,1215952348
516,59810,3,1240797404
516,59834,3,1223140920
516,59942,3,1400431273
516,59960,3,1271538171
516,60072,3,1215952287
516,60365,3.5,1341543250
516,60625,3.5,1389898121
516,60647,3,1322008279
516,60688,2.5,1359933740
516,60753,3,1409785916
516,60760,3,1218410355
516,61136,2.5,1294462018
516,61248,2.5,1402626997
516,61323,3.5,1223140302
516,61350,3,1220794727
516,61352,3.5,1236137433
516,61697,3,1223141002
516,61986,3,1224423036
516,61991,3.5,1261269301
516,62081,3,1224461853
516,62137,3,1261269414
516,62374,3.5,1241965652
516,62434,3,1294461948
516,62953,3.5,1232330482
516,62972,3.5,1349666257
516,63062,3.5,1261269264
516,63483,2.5,1295291643
516,63788,2.5,1326214051
516,63853,3.5,1261269060
516,64030,2.5,1254626774
516,64497,3,1393340199
516,64508,2.5,1270416354
516,64517,3,1323800263
516,64614,4,1237089600
516,64839,3,1251857642
516,64953,3.5,1407800851
516,64983,3,1251857659
516,65216,3,1251857635
516,65256,3,1358468162
516,65567,2.5,1323277063
516,65696,3,1426450890
516,65702,3,1233498502
516,65772,3,1383581973
516,65932,2,1353031216
516,66198,3,1265944464
516,66472,2,1301748484
516,66517,2,1383696368
516,66544,3.5,1236137306
516,66584,3,1398971357
516,66620,3,1236361810
516,66691,3,1262492923
516,66902,2.5,1412276393
516,66941,2,1264983049
516,67186,3,1301109681
516,67193,3,1261269123
516,67197,3,1261269146
516,67618,3,1270430155
516,67620,3,1261269014
516,67876,2.5,1298342671
516,68067,3,1298342916
516,68069,3,1423677408
516,68157,2.5,1294461884
516,68159,3.5,1258864724
516,68288,2,1357446257
516,68358,3,1279333621
516,68513,2.5,1339980948
516,68552,2.5,1268018746
516,68554,3,1427685136
516,68791,3,1358647268
516,69042,3,1277003918
516,69306,3,1263743707
516,69356,3.5,1246414459
516,69481,3,1276400547
516,69674,3,1413420067
516,69792,3,1251039778
516,70208,3.5,1284915936
516,70286,1.5,1266701825
516,70559,3,1259467949
516,70914,2.5,1300025785
516,71252,2.5,1257697541
516,71254,2.5,1290998332
516,71379,3,1258864819
516,71545,3,1298150750
516,71573,2.5,1391910253
516,71838,3,1406054496
516,71876,3,1281311414
516,71933,3.5,1281837838
516,72163,2.5,1296877132
516,72176,3,1401728698
516,72308,2.5,1263743693
516,72378,2.5,1277864232
516,72393,2.5,1276400622
516,72405,2.5,1301870189
516,72507,3,1413504126
516,72733,3,1286987083
516,72762,3,1301758147
516,72998,3.5,1268018613
516,73017,3.5,1360555300
516,73023,3.5,1276401270
516,73025,2.5,1393888942
516,73114,3.5,1262492543
516,73183,3.5,1262492752
516,73286,3,1407963102
516,73321,3,1279333556
516,73511,3,1301263806
516,73870,2.5,1388347703
516,74261,3.5,1407981200
516,74287,2.5,1387252400
516,74545,2.5,1289104925
516,74851,2.5,1281827820
516,74857,3.5,1270607130
516,74886,2.5,1268445536
516,74937,3,1270607294
516,74944,3,1286987108
516,74948,3,1301161309
516,75370,2.5,1268789546
516,75947,1,1269567136
516,76079,3,1301764252
516,76130,2.5,1417492529
516,76175,3,1356889158
516,76873,2.5,1384291042
516,77238,3.5,1272419709
516,77364,3,1373584673
516,77517,3.5,1273717678
516,77866,3,1286987093
516,78105,3,1292202078
516,78218,3.5,1357784775
516,78612,3,1277258144
516,78729,3,1278039765
516,79057,3,1372113156
516,79132,3,1300505657
516,79185,3,1298150900
516,79197,3.5,1279595772
516,79285,3,1298431520
516,79293,3,1299422819
516,79528,3.5,1280972464
516,79580,3,1281152122
516,79592,2.5,1424652710
516,79695,2.5,1292684313
516,79771,3.5,1282011213
516,79879,2.5,1398027315
516,80126,3,1302485073
516,80264,3,1284176948
516,80344,3.5,1284915901
516,80489,4,1297383923
516,80590,3,1297993300
516,80880,2.5,1317003546
516,81193,3,1287851080
516,81216,3,1287850997
516,81229,3.5,1307928103
516,81417,1.5,1311359964
516,81512,3,1304905818
516,81782,4,1300505469
516,81788,3.5,1310915176
516,81927,3,1360461482
516,81932,4,1322009010
516,82202,2.5,1317003625
516,82388,3,1292043338
516,82459,3,1314139200
516,82461,3,1322253208
516,82491,2.5,1366834386
516,82534,2.5,1317003440
516,82564,3,1423530145
516,82909,3,1365391018
516,83189,3.5,1294461748
516,83246,2.5,1294461714
516,83277,3,1294461673
516,83349,2.5,1322433704
516,83613,2.5,1325561675
516,83791,3,1326213025
516,84152,3,1422376431
516,84570,3,1322272539
516,84613,2.5,1314139275
516,84954,3,1311521059
516,85020,3,1318448876
516,85025,3,1317351133
516,85131,3,1310915286
516,85414,3,1302484743
516,86368,3,1303691644
516,86644,2.5,1364521586
516,86856,3,1306018348
516,86900,3,1306018213
516,87115,3,1358019698
516,87785,2.5,1319404288
516,87975,2.5,1311365867
516,87979,2.5,1367430999
516,88129,3,1414094124
516,88173,3,1311365785
516,88515,2.5,1327161319
516,88744,3,1327557004
516,88950,3,1331671160
516,89085,3,1327161439
516,89087,3,1329281192
516,89139,3,1368414557
516,89492,3.5,1322433722
516,89745,3,1396575769
516,89753,3,1336563449
516,89774,4,1328737708
516,89804,3,1333411101
516,89840,3,1331670171
516,90005,3.5,1401230443
516,90154,3,1390502415
516,90249,3.5,1328737792
516,90382,3,1391705672
516,90403,2,1335744807
516,90439,3,1328737272
516,90719,3,1339113076
516,90870,3,1331671013
516,91126,3.5,1325561595
516,91485,3.5,1369782698
516,91490,2,1407110506
516,91529,3.5,1343651059
516,91535,3,1354576401
516,91630,3.5,1339113054
516,91658,3.5,1327428576
516,91842,3,1426636594
516,91890,3,1344390043
516,92234,3,1366948944
516,92507,3.5,1365988085
516,92702,3.5,1328737111
516,93040,4,1424064855
516,93172,3,1384890081
516,93297,3.5,1395446812
516,93742,3,1333410882
516,93766,3,1369859692
516,94405,3,1400801002
516,94478,3,1369792867
516,94777,3,1356889212
516,94864,3.5,1365382392
516,95207,2.5,1367970369
516,95875,3,1385906541
516,96022,3,1401741648
516,96056,3,1344191835
516,96064,2.5,1368492172
516,96079,3.5,1353003429
516,96170,3,1360086096
516,96610,3.5,1385916571
516,96811,2.5,1361658186
516,96861,3.5,1361028142
516,96941,3,1425400527
516,97742,3,1362870711
516,97817,3,1351525227
516,97853,3,1351565696
516,97855,2.5,1351565632
516,97884,2.5,1351648185
516,97897,2.5,1351715808
516,97899,2,1351715814
516,97917,2.5,1351794826
516,97919,2.5,1352086476
516,98004,2,1352321693
516,98154,4,1354576326
516,98288,3,1353544599
516,98369,3,1381334346
516,98589,2.5,1354633615
516,98601,2,1354654897
516,98786,2.5,1355102939
516,98807,3,1356043754
516,98949,2.5,1355685349
516,98961,4.5,1358469247
516,99103,3.5,1356300077
516,99112,3.5,1396550648
516,99149,3.5,1368625759
516,99210,3,1356657532
516,99525,2.5,1396575622
516,99733,2.5,1358002733
516,99746,3,1358002709
516,99758,2.5,1358094335
516,99850,3,1358380660
516,99857,3,1358380835
516,99859,3,1358380808
516,99861,3,1358380841
516,99871,3,1358468133
516,99873,3,1358468128
516,99875,3,1358468125
516,99970,3,1358792616
516,100006,2.5,1358891058
516,100010,2.5,1358891139
516,100040,3,1358952273
516,100042,3,1359432677
516,100192,3,1359661468
516,100232,3,1389450718
516,100359,3,1396932151
516,100452,1.5,1360680816
516,100457,3,1360852577
516,100498,3,1378138889
516,100505,3,1360960223
516,100570,2.5,1361200490
516,100574,3,1361200478
516,100942,3,1362183852
516,101114,2.5,1362631336
516,101178,3,1362924682
516,101207,3.5,1396842666
516,101362,3,1379294215
516,101388,3,1363984617
516,101402,2.5,1364142471
516,101895,4,1396886911
516,102125,3.5,1396541665
516,102178,2.5,1367250529
516,102194,3.5,1400801017
516,102273,2,1367680637
516,102390,2.5,1415648094
516,102662,3,1416019422
516,102804,3.5,1369852033
516,103042,3,1396918309
516,103132,3,1371661200
516,103253,3,1390006743
516,103292,3,1372113115
516,103339,3,1396541566
516,103384,3,1396472217
516,103528,3,1373392781
516,103617,3,1374237600
516,103759,3,1374833381
516,103774,2.5,1375206096
516,104243,3,1401145668
516,104441,3,1396826459
516,104776,3,1378833159
516,104778,3,1378833168
516,104841,4,1382984065
516,105073,3,1380044679
516,105470,3,1381709423
516,105504,4,1393076285
516,105577,3,1381952373
516,105618,2.5,1382496518
516,105945,2.5,1383078985
516,106002,3.5,1383494353
516,106090,2.5,1383737972
516,106168,3,1384050946
516,106256,3,1384434868
516,106348,2.5,1384709234
516,106351,3,1384709223
516,106391,2.5,1425400774
516,106751,4,1387252947
516,106832,3,1387252743
516,107069,4,1402453186
516,107137,3,1387252614
516,107352,3,1427685126
516,107400,3,1400430948
516,107548,2.5,1388152665
516,107551,2,1388152668
516,107638,3,1389450813
516,107664,2.5,1388683231
516,107912,3,1389449965
516,107984,3,1389620676
516,108253,2.5,1390236111
516,108538,2.5,1390858144
516,108542,3,1390858154
516,108704,2.5,1391264989
516,108775,2.5,1391532270
516,108928,3,1417492555
516,108947,3,1392001706
516,109282,3.5,1392844501
516,109487,3.5,1417481494
516,109567,2.5,1393772104
516,109569,3,1401145613
516,109600,2.5,1393772095
516,109673,3,1395688301
516,109764,3,1395326203
516,109833,3,1394822138
516,109939,3,1395446799
516,110453,3.5,1412890770
516,110597,3.5,1398027182
516,110607,1.5,1398653107
516,110792,3,1411612605
516,110880,2.5,1398947799
516,110889,2.5,1399512640
516,111360,3,1424500399
516,111704,3,1401230345
516,111759,3.5,1412890940
516,111776,3.5,1401839418
516,112725,3,1405896462
516,112800,3,1405986180
516,112811,3.5,1425226378
516,113130,2.5,1407197746
516,113284,3,1407800561
516,113515,1.5,1408627358
516,113534,3,1408759181
516,113563,3,1408966866
516,113644,3,1409247154
516,113951,3,1411415737
516,114327,3,1411494238
516,114367,2,1411689753
516,114369,3,1411689763
516,114662,4,1421697431
516,115149,2.5,1426124390
516,115210,4,1425101957
516,115218,2.5,1413829755
516,115409,2.5,1414156820
516,115565,3,1414498083
516,115873,3,1415194577
516,115909,3,1424064645
516,116797,4,1419823555
516,116823,3,1427659031
516,116983,3,1416184285
516,116987,3,1416186520
516,117370,3,1419824857
516,117628,2.5,1419824675
516,117891,2.5,1417389804
516,118690,2.5,1418171319
516,118974,2.5,1420571233
516,119139,3,1419823535
516,119210,3.5,1419272370
516,120641,3,1420351587
516,122756,3,1421611108
516,124857,3,1421437360
516,126407,3,1422146067
516,129454,3,1425319894
516,129651,3,1425563751
